Date,Price,Open,High,Low,Vol.,Change %
"Jan 03, 2019",506.25,505.38,510.5,503.5,-,-0.52%
"Jan 02, 2019",508.88,497.0,524.0,491.38,-,-0.37%
"Dec 31, 2018",510.75,494.0,513.5,494.0,20.50K,3.55%
"Dec 28, 2018",493.25,505.5,509.5,489.0,44.05K,-2.23%
"Dec 27, 2018",504.5,515.0,515.25,495.75,46.77K,0.05%
"Dec 26, 2018",504.25,494.25,519.75,483.25,29.12K,-1.90%
"Dec 24, 2018",514.0,511.5,518.5,489.5,19.90K,-0.24%
"Dec 21, 2018",515.25,522.5,525.25,505.5,77.35K,-1.29%
"Dec 20, 2018",522.0,534.0,535.5,517.25,64.82K,-3.11%
"Dec 19, 2018",538.75,525.0,542.75,523.5,73.49K,1.60%
"Dec 18, 2018",530.25,545.25,545.25,521.25,62.70K,-3.63%
"Dec 17, 2018",550.25,555.75,561.25,541.5,50.11K,-1.08%
"Dec 14, 2018",556.25,564.0,565.5,552.0,43.83K,-0.22%
"Dec 13, 2018",557.5,557.0,568.5,549.75,64.61K,-2.06%
"Dec 12, 2018",569.25,573.25,577.5,567.5,4.94K,0.00%
"Dec 11, 2018",569.25,565.25,571.75,559.5,28.10K,-0.52%
"Dec 10, 2018",572.25,578.25,579.5,560.5,34.71K,-2.55%
"Dec 07, 2018",587.25,568.5,598.0,559.75,30.94K,5.53%
"Dec 06, 2018",556.5,577.75,583.75,554.5,32.67K,-5.16%
"Dec 05, 2018",586.75,580.5,593.25,572.0,27.47K,-0.09%
"Dec 04, 2018",587.25,581.5,600.0,577.5,45.85K,1.64%
"Dec 03, 2018",577.75,564.0,584.5,564.0,53.17K,4.90%
"Nov 30, 2018",550.75,559.5,566.0,543.75,38.80K,-1.61%
"Nov 29, 2018",559.75,565.75,566.75,553.0,47.17K,-1.10%
"Nov 28, 2018",566.0,582.0,585.0,560.25,63.15K,-2.16%
"Nov 27, 2018",578.5,580.75,587.5,570.75,71.44K,-1.24%
"Nov 26, 2018",585.75,574.25,588.25,573.25,56.53K,1.56%
"Nov 23, 2018",576.75,598.5,600.25,573.0,59.90K,-3.59%
"Nov 22, 2018",598.25,604.25,605.25,595.0,46.39K,-1.28%
"Nov 21, 2018",606.0,607.0,615.0,600.5,117.45K,-1.14%
"Nov 20, 2018",613.0,635.75,636.0,601.75,109.49K,-2.78%
"Nov 19, 2018",630.5,634.5,640.25,626.5,68.73K,-0.43%
"Nov 16, 2018",633.25,635.25,643.25,627.75,84.50K,-0.71%
"Nov 15, 2018",637.75,640.75,645.25,632.5,106.79K,-1.05%
"Nov 14, 2018",644.5,630.5,653.0,625.25,135.37K,0.86%
"Nov 13, 2018",639.0,652.25,656.75,625.5,115.45K,-4.56%
"Nov 12, 2018",669.5,687.0,713.75,670.75,7.81K,0.00%
"Nov 09, 2018",669.5,673.25,684.75,656.25,29.61K,-1.76%
"Nov 08, 2018",681.5,698.25,707.75,670.5,61.09K,-1.62%
"Nov 07, 2018",692.75,681.75,702.0,679.25,49.72K,2.25%
"Nov 06, 2018",677.5,678.25,688.5,674.5,36.12K,-0.66%
"Nov 05, 2018",682.0,674.0,686.25,668.0,38.80K,0.55%
"Nov 02, 2018",678.25,685.0,690.0,671.75,54.72K,-1.09%
"Nov 01, 2018",685.75,699.25,705.25,685.0,55.18K,-3.31%
"Oct 31, 2018",709.25,702.75,712.0,699.0,64.00K,1.07%
"Oct 30, 2018",701.75,705.25,709.25,693.5,45.63K,-1.37%
"Oct 29, 2018",711.5,717.25,719.75,704.0,74.49K,-0.28%
"Oct 26, 2018",713.5,705.25,719.25,702.25,69.08K,0.96%
"Oct 25, 2018",706.75,693.5,708.75,692.0,91.86K,0.96%
"Oct 24, 2018",700.0,694.5,705.0,689.75,96.81K,-0.36%
"Oct 23, 2018",702.5,720.0,720.0,692.0,84.45K,-1.92%
"Oct 22, 2018",716.25,715.25,719.75,709.0,64.12K,0.21%
"Oct 19, 2018",714.75,711.0,720.0,707.5,65.91K,0.14%
"Oct 18, 2018",713.75,714.0,715.0,704.25,107.88K,0.35%
"Oct 17, 2018",711.25,723.5,723.75,706.5,81.81K,-0.59%
"Oct 16, 2018",715.5,716.5,723.25,709.0,93.01K,-0.03%
"Oct 15, 2018",715.75,718.5,725.0,708.25,69.58K,-0.31%
"Oct 12, 2018",718.0,716.75,725.5,706.75,78.68K,-2.78%
"Oct 11, 2018",738.5,728.0,732.5,726.5,12.47K,0.00%
"Oct 10, 2018",738.5,744.25,748.0,733.75,63.20K,-0.71%
"Oct 09, 2018",743.75,738.0,748.0,736.25,51.44K,1.09%
"Oct 08, 2018",735.75,737.5,738.5,726.5,52.84K,-0.74%
"Oct 05, 2018",741.25,742.0,742.5,735.0,50.63K,-0.27%
"Oct 04, 2018",743.25,746.25,749.5,733.0,53.91K,0.34%
"Oct 03, 2018",740.75,738.75,752.25,733.75,45.07K,0.00%
"Oct 02, 2018",740.75,739.75,741.5,734.5,65.41K,0.92%
"Oct 01, 2018",734.0,725.0,742.0,722.25,53.74K,1.35%
"Sep 28, 2018",724.25,715.5,727.5,714.25,46.55K,1.61%
"Sep 27, 2018",712.75,713.0,719.0,710.75,47.94K,0.28%
"Sep 26, 2018",710.75,710.5,715.75,706.5,57.35K,-0.42%
"Sep 25, 2018",713.75,706.25,715.5,705.25,50.91K,1.71%
"Sep 24, 2018",701.75,688.0,707.0,685.0,57.06K,2.00%
"Sep 21, 2018",688.0,687.5,697.0,683.0,75.13K,0.00%
"Sep 20, 2018",688.0,692.0,696.0,685.25,69.31K,0.00%
"Sep 19, 2018",688.0,687.0,692.5,681.0,132.48K,0.44%
"Sep 18, 2018",685.0,676.5,693.5,674.5,94.33K,0.51%
"Sep 17, 2018",681.5,679.5,686.25,676.75,104.14K,0.22%
"Sep 14, 2018",680.0,685.25,687.0,674.25,104.16K,-0.51%
"Sep 13, 2018",683.5,695.5,695.5,682.0,85.78K,-0.51%
"Sep 12, 2018",687.0,693.0,693.0,687.0,5.64K,0.00%
"Sep 11, 2018",687.0,679.25,692.25,678.5,37.01K,0.77%
"Sep 10, 2018",681.75,681.5,687.5,677.75,65.56K,0.93%
"Sep 07, 2018",675.5,679.25,681.25,673.0,29.79K,-0.44%
"Sep 06, 2018",678.5,684.5,689.5,673.5,30.57K,-1.34%
"Sep 05, 2018",687.75,691.75,694.25,684.75,33.19K,-1.33%
"Sep 04, 2018",697.0,697.25,709.75,689.0,52.40K,0.00%
"Sep 03, 2018",697.0,689.75,700.25,686.75,34.70K,6.53%
"Aug 31, 2018",654.25,671.75,683.0,625.0,1.02M,-4.91%
"Aug 30, 2018",688.0,690.75,693.75,687.0,32.65K,0.55%
"Aug 29, 2018",684.25,681.0,691.0,678.0,42.07K,0.04%
"Aug 28, 2018",684.0,683.25,687.0,678.5,51.51K,0.77%
"Aug 27, 2018",678.75,676.75,682.75,673.75,36.46K,-0.07%
"Aug 24, 2018",679.25,668.25,681.0,667.5,61.67K,1.87%
"Aug 23, 2018",666.75,666.25,668.25,662.25,58.35K,0.45%
"Aug 22, 2018",663.75,652.75,667.5,652.25,68.89K,1.88%
"Aug 21, 2018",651.5,647.5,656.0,646.75,70.81K,1.05%
"Aug 20, 2018",644.75,644.75,649.75,642.5,99.82K,-0.31%
"Aug 17, 2018",646.75,641.5,651.25,641.5,48.16K,0.78%
"Aug 16, 2018",641.75,640.5,644.25,637.5,59.64K,0.79%
"Aug 15, 2018",636.75,652.75,652.75,636.25,90.74K,-2.75%
"Aug 14, 2018",654.75,655.5,667.25,649.5,81.65K,-0.04%
"Aug 13, 2018",655.0,656.75,659.25,643.75,73.14K,1.20%
"Aug 10, 2018",647.25,645.0,650.5,642.0,3.51K,0.00%
"Aug 09, 2018",647.25,646.5,652.0,643.5,28.98K,0.08%
"Aug 08, 2018",646.75,659.0,664.0,642.5,46.23K,-1.82%
"Aug 07, 2018",658.75,652.75,664.25,652.75,37.53K,0.50%
"Aug 06, 2018",655.5,649.5,660.0,649.0,22.74K,0.85%
"Aug 03, 2018",650.0,647.75,653.0,644.0,37.17K,0.66%
"Aug 02, 2018",645.75,638.25,651.75,636.25,34.34K,1.21%
"Aug 01, 2018",638.0,649.0,649.25,636.75,60.39K,-2.48%
"Jul 31, 2018",654.25,663.0,664.0,647.25,49.46K,-1.28%
"Jul 30, 2018",662.75,660.5,664.5,658.5,54.29K,-0.45%
"Jul 27, 2018",665.75,664.5,666.75,658.75,43.07K,0.30%
"Jul 26, 2018",663.75,660.0,666.5,657.75,33.55K,1.07%
"Jul 25, 2018",656.75,654.0,661.5,651.75,44.58K,0.15%
"Jul 24, 2018",655.75,647.0,657.25,645.5,37.68K,0.77%
"Jul 23, 2018",650.75,642.0,655.75,641.75,65.24K,0.93%
"Jul 20, 2018",644.75,639.75,647.5,637.25,57.72K,0.51%
"Jul 19, 2018",641.5,638.75,645.5,632.0,49.12K,1.66%
"Jul 18, 2018",631.0,631.0,641.75,625.0,76.15K,-0.20%
"Jul 17, 2018",632.25,629.25,637.0,626.25,53.17K,-0.20%
"Jul 16, 2018",633.5,651.25,654.0,627.5,77.99K,-3.17%
"Jul 13, 2018",654.25,646.25,656.75,638.75,63.83K,-1.54%
"Jul 12, 2018",664.5,645.0,651.75,645.0,6.99K,0.00%
"Jul 11, 2018",664.5,679.25,679.25,639.25,52.08K,-1.95%
"Jul 10, 2018",677.75,673.0,683.0,673.0,46.04K,0.89%
"Jul 09, 2018",671.75,665.5,675.5,665.5,46.89K,1.09%
"Jul 06, 2018",664.5,669.0,669.0,660.25,37.53K,-0.97%
"Jul 05, 2018",671.0,664.5,674.25,663.0,44.46K,0.68%
"Jul 04, 2018",666.5,663.25,667.5,663.0,17.69K,1.56%
"Jul 03, 2018",656.25,659.75,670.5,655.25,30.54K,-1.09%
"Jul 02, 2018",663.5,671.75,673.5,659.0,28.73K,-1.81%
"Jun 29, 2018",675.75,665.5,678.25,663.5,40.25K,1.58%
"Jun 28, 2018",665.25,663.25,670.75,661.75,44.17K,-0.11%
"Jun 27, 2018",666.0,654.0,668.5,652.0,52.29K,3.46%
"Jun 26, 2018",643.75,645.25,655.0,637.75,83.04K,0.19%
"Jun 25, 2018",642.5,647.0,649.25,637.0,65.24K,-0.46%
"Jun 22, 2018",645.5,633.5,650.25,633.5,55.17K,1.73%
"Jun 21, 2018",634.5,643.25,644.5,630.75,68.75K,-1.97%
"Jun 20, 2018",647.25,650.0,654.5,639.5,114.08K,-0.08%
"Jun 19, 2018",647.75,650.5,653.0,645.25,43.84K,-0.04%
"Jun 18, 2018",648.0,637.25,653.5,633.0,84.84K,1.13%
"Jun 15, 2018",640.75,661.5,661.5,635.0,73.42K,-3.03%
"Jun 14, 2018",660.75,667.5,669.25,659.75,74.99K,-0.79%
"Jun 13, 2018",666.0,661.0,671.0,658.0,100.09K,-0.82%
"Jun 12, 2018",671.5,670.75,677.25,670.0,7.12K,0.00%
"Jun 11, 2018",671.5,670.75,673.75,665.0,54.59K,0.00%
"Jun 08, 2018",671.5,672.0,672.75,667.25,43.70K,0.49%
"Jun 07, 2018",668.25,658.25,672.25,655.5,38.78K,2.06%
"Jun 06, 2018",654.75,659.5,667.5,649.75,69.03K,-0.42%
"Jun 05, 2018",657.5,666.0,667.75,653.5,65.98K,-1.28%
"Jun 04, 2018",666.0,671.75,675.75,664.0,55.64K,-0.78%
"Jun 01, 2018",671.25,684.0,684.0,670.25,65.28K,-2.08%
"May 31, 2018",685.5,685.25,693.25,677.25,82.24K,0.11%
"May 30, 2018",684.75,673.5,688.75,669.5,65.89K,1.94%
"May 29, 2018",671.75,674.75,677.75,668.75,60.76K,-0.04%
"May 28, 2018",672.0,676.0,677.5,666.0,24.41K,-1.14%
"May 25, 2018",679.75,696.5,696.5,676.75,77.82K,-2.72%
"May 24, 2018",698.75,702.25,702.25,695.0,79.92K,0.25%
"May 23, 2018",697.0,697.25,702.75,690.0,119.29K,-0.78%
"May 22, 2018",702.5,695.5,703.75,694.75,58.56K,1.41%
"May 21, 2018",692.75,693.25,697.25,687.75,78.33K,-0.61%
"May 18, 2018",697.0,697.0,701.5,691.0,66.91K,-1.03%
"May 17, 2018",704.25,693.25,705.0,692.0,109.57K,2.89%
"May 16, 2018",684.5,683.75,693.5,679.75,88.86K,-0.47%
"May 15, 2018",687.75,685.5,692.25,681.75,108.64K,0.99%
"May 14, 2018",681.0,675.5,685.75,672.5,86.70K,0.52%
"May 11, 2018",677.5,676.0,679.5,672.25,92.56K,0.07%
"May 10, 2018",677.0,677.5,681.0,675.0,16.77K,0.00%
"May 09, 2018",677.0,667.5,678.5,667.5,56.92K,4.11%
"May 08, 2018",650.25,662.75,668.5,643.25,63.29K,-2.29%
"May 07, 2018",665.5,658.5,668.25,657.0,25.01K,2.15%
"May 04, 2018",651.5,645.25,658.25,642.25,41.42K,1.48%
"May 03, 2018",642.0,644.75,649.0,640.25,69.88K,0.00%
"May 02, 2018",642.0,646.0,649.5,639.75,59.35K,-1.04%
"May 01, 2018",648.75,658.25,660.0,641.75,63.82K,-1.03%
"Apr 30, 2018",655.5,656.0,665.0,647.0,67.33K,0.00%
"Apr 27, 2018",655.5,656.25,658.25,653.25,39.53K,-0.34%
"Apr 26, 2018",657.75,652.0,659.75,650.75,73.19K,1.50%
"Apr 25, 2018",648.0,648.0,650.5,643.75,60.72K,-0.88%
"Apr 24, 2018",653.75,655.5,657.25,645.5,52.68K,0.97%
"Apr 23, 2018",647.5,647.0,656.25,640.25,40.05K,0.97%
"Apr 20, 2018",641.25,646.0,648.75,636.0,85.36K,-1.50%
"Apr 19, 2018",651.0,642.5,651.75,640.5,88.07K,1.84%
"Apr 18, 2018",639.25,629.0,644.0,628.75,100.84K,1.79%
"Apr 17, 2018",628.0,634.25,635.0,623.0,119.22K,-0.83%
"Apr 16, 2018",633.25,645.0,645.0,631.0,94.55K,-1.44%
"Apr 13, 2018",642.5,636.25,644.25,632.5,94.23K,-0.70%
"Apr 12, 2018",647.0,642.25,646.5,639.0,9.79K,0.00%
"Apr 11, 2018",647.0,633.0,651.5,628.5,40.75K,3.07%
"Apr 10, 2018",627.75,612.25,633.75,612.25,48.33K,2.36%
"Apr 09, 2018",613.25,601.5,615.25,601.5,29.98K,1.74%
"Apr 06, 2018",602.75,606.75,611.5,599.75,42.81K,-0.90%
"Apr 05, 2018",608.25,612.0,612.5,602.75,44.38K,-0.12%
"Apr 04, 2018",609.0,613.5,613.5,600.75,48.90K,-0.65%
"Apr 03, 2018",613.0,607.25,615.0,606.25,38.19K,0.00%
"Apr 02, 2018",613.0,621.25,625.25,606.25,15.29K,-1.09%
"Mar 29, 2018",619.75,616.75,622.5,609.0,53.69K,0.28%
"Mar 28, 2018",618.0,614.5,619.5,609.75,55.67K,-0.04%
"Mar 27, 2018",618.25,615.0,624.75,611.0,66.52K,0.90%
"Mar 26, 2018",612.75,610.25,616.5,610.0,56.39K,0.29%
"Mar 23, 2018",611.0,605.0,613.75,602.25,62.80K,0.74%
"Mar 22, 2018",606.5,613.0,613.5,602.0,87.77K,-0.74%
"Mar 21, 2018",611.0,595.5,614.75,595.0,114.38K,2.91%
"Mar 20, 2018",593.75,584.75,598.25,584.0,76.96K,1.54%
"Mar 19, 2018",584.75,583.0,585.5,577.5,60.42K,0.73%
"Mar 16, 2018",580.5,575.0,583.5,572.5,51.21K,1.00%
"Mar 15, 2018",574.75,572.25,577.0,571.75,77.67K,0.44%
"Mar 14, 2018",572.25,571.25,576.25,567.5,90.50K,0.62%
"Mar 13, 2018",568.75,568.25,577.0,564.5,85.91K,-0.87%
"Mar 12, 2018",573.75,574.25,574.5,570.5,8.39K,0.00%
"Mar 09, 2018",573.75,566.5,575.5,565.25,29.69K,1.24%
"Mar 08, 2018",566.75,570.75,570.75,562.75,30.84K,-0.87%
"Mar 07, 2018",571.75,570.5,577.75,564.5,46.04K,0.04%
"Mar 06, 2018",571.5,573.25,577.0,567.75,44.84K,-0.09%
"Mar 05, 2018",572.0,570.0,574.75,561.0,38.53K,1.55%
"Mar 02, 2018",563.25,567.5,569.75,556.5,42.91K,0.27%
"Mar 01, 2018",561.75,570.75,574.75,557.75,55.21K,-2.64%
"Feb 28, 2018",577.0,590.25,591.5,570.75,54.79K,-2.94%
"Feb 27, 2018",594.5,599.75,599.75,589.25,43.85K,-0.75%
"Feb 26, 2018",599.0,594.25,601.25,591.25,51.84K,1.35%
"Feb 23, 2018",591.0,584.25,595.25,580.5,47.88K,1.03%
"Feb 22, 2018",585.0,575.5,586.75,573.5,55.52K,1.61%
"Feb 21, 2018",575.75,575.75,579.0,570.75,33.62K,0.26%
"Feb 20, 2018",574.25,577.75,581.25,572.0,47.71K,-0.73%
"Feb 19, 2018",578.5,570.0,579.5,570.0,33.09K,1.45%
"Feb 16, 2018",570.25,565.0,573.25,563.75,89.78K,2.33%
"Feb 15, 2018",557.25,561.75,567.5,552.25,116.03K,1.32%
"Feb 14, 2018",550.0,547.25,563.75,539.25,141.54K,0.78%
"Feb 13, 2018",545.75,552.0,555.5,542.25,153.05K,-1.18%
"Feb 12, 2018",552.25,552.5,563.25,552.5,6.38K,0.00%
"Feb 09, 2018",552.25,567.5,569.0,541.75,30.98K,-2.77%
"Feb 08, 2018",568.0,573.75,577.25,565.75,35.43K,-1.90%
"Feb 07, 2018",579.0,594.5,597.75,573.5,69.61K,-2.73%
"Feb 06, 2018",595.25,599.25,599.75,591.75,41.93K,-1.94%
"Feb 05, 2018",607.0,607.5,607.5,596.5,55.94K,-0.37%
"Feb 02, 2018",609.25,623.25,624.25,607.25,52.12K,-1.22%
"Feb 01, 2018",616.75,614.75,623.25,613.75,33.55K,0.86%
"Jan 31, 2018",611.5,610.0,615.0,608.5,43.60K,0.00%
"Jan 30, 2018",611.5,619.25,619.25,610.0,49.53K,-1.09%
"Jan 29, 2018",618.25,628.5,629.75,617.0,46.69K,-1.63%
"Jan 26, 2018",628.5,624.0,630.5,624.0,50.04K,0.20%
"Jan 25, 2018",627.25,628.0,630.0,623.0,52.66K,1.09%
"Jan 24, 2018",620.5,619.75,627.25,615.5,60.73K,0.45%
"Jan 23, 2018",617.75,614.25,621.0,611.0,58.25K,0.57%
"Jan 22, 2018",614.25,612.5,615.0,606.75,46.40K,1.03%
"Jan 19, 2018",608.0,611.25,613.5,605.25,68.18K,-0.61%
"Jan 18, 2018",611.75,613.5,613.75,607.25,95.08K,0.00%
"Jan 17, 2018",611.75,614.75,615.0,607.0,101.88K,-0.49%
"Jan 16, 2018",614.75,619.25,621.0,610.5,74.31K,-0.65%
"Jan 15, 2018",618.75,618.75,622.75,614.5,60.79K,0.98%
"Jan 12, 2018",612.75,614.75,617.5,609.5,55.36K,0.12%
"Jan 11, 2018",612.0,612.75,616.75,612.0,8.26K,0.00%
"Jan 10, 2018",612.0,611.0,615.75,609.0,48.11K,1.12%
"Jan 09, 2018",605.25,604.0,612.75,600.75,41.13K,0.71%
"Jan 08, 2018",601.0,607.5,607.75,600.5,41.23K,-0.50%
"Jan 05, 2018",604.0,615.25,618.5,601.75,39.88K,-0.66%
"Jan 04, 2018",608.0,610.0,620.0,605.75,37.12K,0.21%
"Jan 03, 2018",606.75,598.5,611.75,596.25,56.48K,1.63%
"Jan 02, 2018",597.0,603.5,606.75,596.25,34.78K,-0.54%
"Dec 29, 2017",600.25,598.75,606.0,597.5,32.48K,0.54%
"Dec 28, 2017",597.0,595.0,599.5,594.5,42.15K,0.42%
"Dec 27, 2017",594.5,598.75,599.0,591.0,43.49K,-0.75%
"Dec 26, 2017",599.0,582.0,600.5,579.0,22.94K,4.08%
"Dec 22, 2017",575.5,576.75,583.25,574.25,31.37K,-0.13%
"Dec 21, 2017",576.25,574.75,577.5,572.25,51.14K,0.13%
"Dec 20, 2017",575.5,571.5,576.25,571.25,47.75K,1.14%
"Dec 19, 2017",569.0,567.25,572.75,566.5,46.11K,0.00%
"Dec 18, 2017",569.0,563.25,570.25,561.75,45.99K,0.89%
"Dec 15, 2017",564.0,561.75,567.25,560.75,49.57K,0.45%
"Dec 14, 2017",561.5,561.5,563.75,553.75,74.99K,-0.22%
"Dec 13, 2017",562.75,570.5,574.75,559.25,84.03K,-1.66%
"Dec 12, 2017",572.25,577.75,582.5,577.75,7.18K,0.00%
"Dec 11, 2017",572.25,563.0,574.5,562.0,53.66K,1.33%
"Dec 08, 2017",564.75,553.5,568.5,552.75,37.88K,2.87%
"Dec 07, 2017",549.0,544.75,554.5,543.0,33.58K,0.60%
"Dec 06, 2017",545.75,556.25,557.75,542.5,41.40K,-1.71%
"Dec 05, 2017",555.25,551.75,561.0,550.0,50.64K,0.14%
"Dec 04, 2017",554.5,564.75,565.5,551.5,40.43K,-2.33%
"Dec 01, 2017",567.75,552.75,570.5,552.5,47.14K,1.93%
"Nov 30, 2017",557.0,557.5,564.5,549.75,58.36K,-0.76%
"Nov 29, 2017",561.25,565.5,567.5,555.0,67.70K,-0.80%
"Nov 28, 2017",565.75,567.25,569.25,562.5,48.59K,0.27%
"Nov 27, 2017",564.25,568.5,570.0,561.5,58.39K,-0.09%
"Nov 24, 2017",564.75,564.75,569.25,562.75,38.16K,0.04%
"Nov 23, 2017",564.5,562.5,567.0,560.5,24.54K,0.40%
"Nov 22, 2017",562.25,562.25,567.25,559.0,69.42K,0.67%
"Nov 21, 2017",558.5,558.0,563.5,555.75,86.46K,0.45%
"Nov 20, 2017",556.0,563.5,564.0,552.25,82.55K,-1.20%
"Nov 17, 2017",562.75,554.0,566.5,551.0,74.74K,1.26%
"Nov 16, 2017",555.75,555.75,558.5,551.25,63.72K,-0.04%
"Nov 15, 2017",556.0,550.5,557.25,549.5,92.28K,1.00%
"Nov 14, 2017",550.5,564.0,564.5,550.0,101.50K,-2.61%
"Nov 13, 2017",565.25,567.0,567.75,561.25,72.40K,-0.83%
"Nov 10, 2017",570.0,568.75,573.5,568.5,8.87K,0.00%
"Nov 09, 2017",570.0,563.0,572.0,561.25,32.77K,1.24%
"Nov 08, 2017",563.0,564.25,570.5,557.5,40.12K,-0.09%
"Nov 07, 2017",563.5,567.75,571.5,562.75,41.34K,-0.35%
"Nov 06, 2017",565.5,556.25,572.0,555.0,42.12K,2.77%
"Nov 03, 2017",550.25,546.75,556.5,543.0,35.23K,1.06%
"Nov 02, 2017",544.5,548.0,549.5,540.25,34.63K,-1.09%
"Nov 01, 2017",550.5,553.75,559.25,545.75,41.34K,-0.09%
"Oct 31, 2017",551.0,550.5,554.0,547.25,50.66K,0.64%
"Oct 30, 2017",547.5,550.5,554.0,547.0,48.62K,-0.23%
"Oct 27, 2017",548.75,542.0,550.5,537.25,42.58K,2.33%
"Oct 26, 2017",536.25,532.5,542.75,529.5,48.68K,0.52%
"Oct 25, 2017",533.5,535.5,537.5,529.0,56.48K,1.43%
"Oct 24, 2017",526.0,527.75,536.0,521.0,75.97K,-0.43%
"Oct 23, 2017",528.25,534.5,535.75,526.75,49.57K,-0.89%
"Oct 20, 2017",533.0,526.25,534.75,521.25,64.97K,0.90%
"Oct 19, 2017",528.25,536.75,537.75,524.25,73.03K,-0.89%
"Oct 18, 2017",533.0,539.75,542.0,532.5,72.07K,-0.79%
"Oct 17, 2017",537.25,541.25,544.0,533.5,63.72K,-0.69%
"Oct 16, 2017",541.0,535.5,546.5,534.5,86.54K,1.36%
"Oct 13, 2017",533.75,525.25,536.25,524.75,115.57K,1.04%
"Oct 12, 2017",528.25,532.0,533.0,526.0,23.12K,0.00%
"Oct 11, 2017",528.25,529.0,535.0,526.75,43.58K,-0.47%
"Oct 10, 2017",530.75,520.0,531.75,519.25,40.78K,2.66%
"Oct 09, 2017",517.0,521.0,522.75,514.0,44.68K,-0.58%
"Oct 06, 2017",520.0,534.75,538.5,518.25,49.42K,-3.75%
"Oct 05, 2017",540.25,530.75,540.75,529.0,46.93K,2.27%
"Oct 04, 2017",528.25,522.5,531.75,517.5,63.30K,0.33%
"Oct 03, 2017",526.5,531.5,533.25,522.75,47.98K,-0.85%
"Oct 02, 2017",531.0,547.0,547.25,530.0,55.44K,-3.15%
"Sep 29, 2017",548.25,550.75,551.25,543.5,52.96K,-0.45%
"Sep 28, 2017",550.75,549.75,556.25,546.5,58.55K,0.36%
"Sep 27, 2017",548.75,551.5,553.25,545.0,62.90K,0.46%
"Sep 26, 2017",546.25,554.0,556.0,539.5,88.61K,-0.95%
"Sep 25, 2017",551.5,541.0,554.5,537.25,71.15K,1.85%
"Sep 22, 2017",541.5,542.0,543.0,537.25,65.47K,0.05%
"Sep 21, 2017",541.25,538.75,542.75,536.25,69.40K,0.79%
"Sep 20, 2017",537.0,528.75,539.75,525.75,89.79K,1.61%
"Sep 19, 2017",528.5,528.5,533.75,523.25,81.03K,0.67%
"Sep 18, 2017",525.0,535.0,536.25,523.5,83.21K,-1.82%
"Sep 15, 2017",534.75,530.25,535.5,524.0,61.65K,0.71%
"Sep 14, 2017",531.0,524.75,535.25,523.75,93.02K,0.90%
"Sep 13, 2017",526.25,515.75,527.25,513.0,133.17K,1.15%
"Sep 12, 2017",520.25,517.75,517.75,510.5,10.87K,0.00%
"Sep 11, 2017",520.25,532.5,532.5,514.25,39.66K,-1.37%
"Sep 08, 2017",527.5,531.75,537.75,524.5,49.98K,0.29%
"Sep 07, 2017",526.0,521.0,531.5,519.25,30.15K,0.72%
"Sep 06, 2017",522.25,513.5,522.75,512.5,45.26K,1.02%
"Sep 05, 2017",517.0,505.25,518.5,501.5,45.18K,2.48%
"Sep 04, 2017",504.5,513.5,513.5,500.0,20.92K,-1.22%
"Sep 01, 2017",510.75,512.0,515.0,504.0,42.96K,1.19%
"Aug 31, 2017",504.75,487.5,511.75,487.5,55.18K,1.87%
"Aug 30, 2017",495.5,490.25,496.0,483.75,71.00K,2.27%
"Aug 29, 2017",484.5,485.25,490.0,478.75,54.39K,0.05%
"Aug 28, 2017",484.25,481.0,490.5,480.0,38.94K,0.89%
"Aug 25, 2017",480.0,484.0,487.75,477.5,64.93K,-0.52%
"Aug 24, 2017",482.5,482.25,486.0,477.5,40.32K,0.73%
"Aug 23, 2017",479.0,470.75,482.75,469.0,51.55K,1.11%
"Aug 22, 2017",473.75,469.0,476.0,467.25,50.95K,0.58%
"Aug 21, 2017",471.0,482.0,482.0,465.25,72.95K,-0.26%
"Aug 18, 2017",472.25,468.0,483.25,467.75,59.98K,1.61%
"Aug 17, 2017",464.75,466.75,470.0,458.0,96.05K,-1.17%
"Aug 16, 2017",470.25,474.25,476.25,464.75,64.69K,-0.27%
"Aug 15, 2017",471.5,475.0,476.25,467.0,75.82K,-2.48%
"Aug 14, 2017",483.5,483.75,487.75,473.5,63.97K,0.21%
"Aug 11, 2017",482.5,482.5,484.75,474.75,65.32K,0.00%
"Aug 10, 2017",482.5,487.0,491.0,486.75,7.89K,0.00%
"Aug 09, 2017",482.5,478.75,488.0,477.25,31.96K,-0.21%
"Aug 08, 2017",483.5,482.75,487.0,476.5,34.33K,1.04%
"Aug 07, 2017",478.5,488.75,488.75,477.25,44.13K,-2.05%
"Aug 04, 2017",488.5,485.75,489.5,480.25,26.35K,-0.91%
"Aug 03, 2017",493.0,491.5,494.0,484.75,28.11K,0.61%
"Aug 02, 2017",490.0,484.75,493.0,482.5,29.77K,1.29%
"Aug 01, 2017",483.75,495.25,496.25,479.25,42.80K,-1.07%
"Jul 31, 2017",489.0,487.75,502.25,486.5,79.54K,0.82%
"Jul 28, 2017",485.0,477.0,487.5,475.25,37.18K,2.05%
"Jul 27, 2017",475.25,473.25,478.0,470.75,33.20K,1.06%
"Jul 26, 2017",470.25,467.25,474.0,464.5,39.71K,1.84%
"Jul 25, 2017",461.75,449.5,469.0,449.5,46.51K,2.27%
"Jul 24, 2017",451.5,448.5,454.5,445.75,42.19K,-0.28%
"Jul 21, 2017",452.75,458.75,461.25,447.25,49.51K,-2.32%
"Jul 20, 2017",463.5,458.75,466.75,457.25,101.12K,1.64%
"Jul 19, 2017",456.0,445.5,459.75,445.25,102.88K,2.18%
"Jul 18, 2017",446.25,444.0,451.75,442.5,74.74K,-0.50%
"Jul 17, 2017",448.5,451.0,451.25,443.25,72.92K,0.17%
"Jul 14, 2017",447.75,442.25,451.0,441.0,85.42K,1.02%
"Jul 13, 2017",443.25,436.0,444.0,431.5,89.27K,2.25%
"Jul 12, 2017",433.5,441.25,445.0,441.25,6.25K,0.00%
"Jul 11, 2017",433.5,431.75,440.0,425.25,37.67K,0.06%
"Jul 10, 2017",433.25,430.0,434.0,424.5,43.62K,1.29%
"Jul 07, 2017",427.75,436.75,436.75,422.75,34.54K,-4.09%
"Jul 06, 2017",446.0,441.25,447.75,436.75,38.61K,0.85%
"Jul 05, 2017",442.25,451.5,453.75,436.75,59.40K,-2.10%
"Jul 04, 2017",451.75,450.5,453.25,447.75,19.40K,0.61%
"Jul 03, 2017",449.0,441.75,450.25,439.75,31.56K,2.86%
"Jun 30, 2017",436.5,432.5,442.0,432.5,40.94K,0.23%
"Jun 29, 2017",435.5,430.25,438.25,430.0,64.81K,1.87%
"Jun 28, 2017",427.5,420.25,430.75,419.5,74.01K,1.00%
"Jun 27, 2017",423.25,412.25,425.25,411.5,54.32K,3.36%
"Jun 26, 2017",409.5,409.75,415.0,405.25,38.61K,-0.43%
"Jun 23, 2017",411.25,409.25,411.75,405.25,61.07K,-0.24%
"Jun 22, 2017",412.25,406.25,413.5,404.0,86.73K,-0.24%
"Jun 21, 2017",413.25,413.75,420.5,402.5,66.01K,0.12%
"Jun 20, 2017",412.75,420.75,423.25,411.25,94.95K,-2.65%
"Jun 19, 2017",424.0,422.75,427.25,419.25,56.20K,0.24%
"Jun 16, 2017",423.0,419.25,426.25,419.25,57.39K,0.95%
"Jun 15, 2017",419.0,418.75,421.5,417.25,64.51K,0.06%
"Jun 14, 2017",418.75,427.25,432.0,418.0,94.41K,-1.70%
"Jun 13, 2017",426.0,424.75,431.75,423.25,94.27K,-0.23%
"Jun 12, 2017",427.0,427.75,429.0,425.25,8.06K,0.00%
"Jun 09, 2017",427.0,421.0,429.25,419.25,31.93K,1.30%
"Jun 08, 2017",421.5,422.0,427.0,417.5,44.07K,0.00%
"Jun 07, 2017",421.5,432.5,435.25,418.5,46.64K,-1.58%
"Jun 06, 2017",428.25,435.0,436.0,427.25,61.00K,-0.58%
"Jun 05, 2017",430.75,439.75,445.5,430.5,41.57K,-1.77%
"Jun 02, 2017",438.5,442.25,444.5,433.0,44.67K,-2.61%
"Jun 01, 2017",450.25,451.25,454.5,441.75,51.86K,1.07%
"May 31, 2017",445.5,460.0,460.0,444.25,74.32K,-2.52%
"May 30, 2017",457.0,464.0,464.75,455.25,79.45K,-1.98%
"May 29, 2017",466.25,464.75,468.0,460.75,11.96K,1.08%
"May 26, 2017",461.25,461.0,465.25,454.25,51.09K,-2.79%
"May 25, 2017",474.5,480.25,485.5,458.75,97.06K,-1.20%
"May 24, 2017",480.25,479.5,484.0,476.25,63.16K,0.26%
"May 23, 2017",479.0,479.0,481.25,472.5,90.60K,0.00%
"May 22, 2017",479.0,474.25,481.0,474.25,85.29K,1.11%
"May 19, 2017",473.75,465.0,474.5,464.75,99.12K,1.88%
"May 18, 2017",465.0,462.0,466.25,452.75,83.44K,0.32%
"May 17, 2017",463.5,452.0,464.5,451.25,102.01K,1.20%
"May 16, 2017",458.0,456.0,460.25,452.25,75.73K,-0.22%
"May 15, 2017",459.0,449.25,464.0,448.75,103.39K,2.28%
"May 12, 2017",448.75,449.0,452.75,446.75,75.38K,1.07%
"May 11, 2017",444.0,446.75,451.0,446.75,11.93K,0.00%
"May 10, 2017",444.0,434.0,448.25,433.25,42.64K,2.42%
"May 09, 2017",433.5,437.25,440.25,430.5,51.37K,0.81%
"May 08, 2017",430.0,434.75,438.0,428.75,28.38K,-0.86%
"May 05, 2017",433.75,423.25,436.0,411.75,42.78K,1.82%
"May 04, 2017",426.0,440.25,441.75,421.5,70.85K,-3.24%
"May 03, 2017",440.25,446.5,447.75,437.75,46.21K,-1.51%
"May 02, 2017",447.0,447.25,455.75,440.25,44.65K,-0.22%
"May 01, 2017",448.0,454.5,455.25,445.0,16.17K,-1.32%
"Apr 28, 2017",454.0,458.0,461.0,451.25,49.39K,0.61%
"Apr 27, 2017",451.25,464.25,464.5,450.75,68.60K,-3.42%
"Apr 26, 2017",467.25,465.75,468.25,461.5,37.42K,0.75%
"Apr 25, 2017",463.75,466.0,469.75,462.5,57.10K,-0.43%
"Apr 24, 2017",465.75,467.5,474.25,464.5,57.39K,-0.37%
"Apr 21, 2017",467.5,476.0,478.25,465.75,51.16K,-1.94%
"Apr 20, 2017",476.75,478.0,481.75,474.25,74.39K,-2.26%
"Apr 19, 2017",487.75,489.75,493.0,474.25,66.04K,-0.71%
"Apr 18, 2017",491.25,494.5,495.0,487.75,84.63K,-1.31%
"Apr 17, 2017",497.75,494.75,498.25,493.25,23.43K,-0.05%
"Apr 13, 2017",498.0,497.5,500.25,494.75,55.51K,1.12%
"Apr 12, 2017",492.5,498.0,502.0,498.0,9.15K,0.00%
"Apr 11, 2017",492.5,495.5,497.0,491.25,49.11K,-0.20%
"Apr 10, 2017",493.5,488.0,495.75,487.75,53.37K,1.18%
"Apr 07, 2017",487.75,485.0,493.5,483.5,38.27K,0.93%
"Apr 06, 2017",483.25,480.75,485.75,479.5,47.12K,0.47%
"Apr 05, 2017",481.0,479.75,487.5,478.75,42.30K,0.68%
"Apr 04, 2017",477.75,469.5,480.0,467.25,45.67K,1.54%
"Apr 03, 2017",470.5,473.0,476.0,469.25,36.82K,0.21%
"Mar 31, 2017",469.5,469.25,474.25,465.5,39.92K,-0.11%
"Mar 30, 2017",470.0,465.75,470.75,462.5,53.21K,1.35%
"Mar 29, 2017",463.75,458.0,466.25,458.0,51.72K,0.87%
"Mar 28, 2017",459.75,452.25,462.25,452.0,68.40K,1.88%
"Mar 27, 2017",451.25,453.5,454.0,445.25,47.57K,0.50%
"Mar 24, 2017",449.0,449.5,454.25,448.0,48.95K,-0.28%
"Mar 23, 2017",450.25,451.0,453.75,448.0,68.36K,0.73%
"Mar 22, 2017",447.0,450.75,453.25,444.0,87.64K,-1.38%
"Mar 21, 2017",453.25,456.0,462.0,451.25,56.19K,-1.15%
"Mar 20, 2017",458.5,456.75,459.5,452.0,63.38K,0.38%
"Mar 17, 2017",456.75,455.0,460.5,454.75,62.13K,0.38%
"Mar 16, 2017",455.0,457.75,463.25,454.5,61.20K,0.00%
"Mar 15, 2017",455.0,454.5,460.0,453.5,73.88K,1.56%
"Mar 14, 2017",448.0,452.25,458.0,446.75,99.20K,-1.59%
"Mar 13, 2017",455.25,455.5,457.75,451.5,92.94K,-0.92%
"Mar 10, 2017",459.5,465.0,465.0,461.5,5.00K,0.00%
"Mar 09, 2017",459.5,476.0,476.0,457.0,43.70K,-4.77%
"Mar 08, 2017",482.5,486.5,487.75,466.5,43.02K,-1.08%
"Mar 07, 2017",487.75,487.25,494.25,485.75,51.11K,0.21%
"Mar 06, 2017",486.75,484.75,489.75,482.25,49.35K,0.57%
"Mar 03, 2017",484.0,481.25,486.75,480.75,39.50K,0.00%
"Mar 02, 2017",484.0,493.25,494.25,480.25,91.65K,-2.57%
"Mar 01, 2017",496.75,493.75,501.25,492.5,55.03K,1.53%
"Feb 28, 2017",489.25,497.0,498.0,488.0,81.72K,-1.61%
"Feb 27, 2017",497.25,495.0,501.5,494.25,32.97K,0.56%
"Feb 24, 2017",494.5,498.0,500.0,492.5,50.64K,-1.10%
"Feb 23, 2017",500.0,495.0,505.75,495.0,57.02K,2.15%
"Feb 22, 2017",489.5,498.0,499.5,487.5,70.27K,-2.44%
"Feb 21, 2017",501.75,495.75,505.0,495.75,58.65K,0.85%
"Feb 20, 2017",497.5,494.25,500.0,493.25,28.51K,1.53%
"Feb 17, 2017",490.0,492.75,494.0,488.0,35.97K,-0.20%
"Feb 16, 2017",491.0,494.0,498.5,489.0,65.34K,-0.61%
"Feb 15, 2017",494.0,493.75,498.0,491.5,46.66K,-0.65%
"Feb 14, 2017",497.25,490.75,500.0,490.25,63.22K,1.27%
"Feb 13, 2017",491.0,503.25,503.5,489.5,83.95K,0.05%
"Feb 10, 2017",490.75,491.0,495.75,490.25,7.57K,0.00%
"Feb 09, 2017",490.75,491.75,497.25,489.25,39.26K,0.05%
"Feb 08, 2017",490.5,483.0,493.0,482.5,40.02K,0.98%
"Feb 07, 2017",485.75,491.5,492.0,482.75,43.71K,-1.77%
"Feb 06, 2017",494.5,499.25,501.75,489.5,34.44K,-0.50%
"Feb 03, 2017",497.0,499.0,500.25,493.0,41.44K,-0.75%
"Feb 02, 2017",500.75,499.5,507.25,495.0,33.26K,0.50%
"Feb 01, 2017",498.25,487.75,501.0,486.75,57.00K,0.91%
"Jan 31, 2017",493.75,485.0,494.75,483.25,55.81K,1.86%
"Jan 30, 2017",484.75,484.5,489.25,482.25,27.12K,-0.10%
"Jan 27, 2017",485.25,491.75,494.75,480.75,45.15K,-1.77%
"Jan 26, 2017",494.0,486.25,495.0,484.25,64.15K,1.28%
"Jan 25, 2017",487.75,488.0,489.5,482.5,35.73K,-0.15%
"Jan 24, 2017",488.5,485.5,491.25,484.25,48.21K,0.62%
"Jan 23, 2017",485.5,488.5,489.75,480.75,65.51K,-0.82%
"Jan 20, 2017",489.5,479.5,492.5,478.5,63.17K,2.09%
"Jan 19, 2017",479.5,479.5,483.25,477.0,54.82K,-1.29%
"Jan 18, 2017",485.75,487.25,490.5,473.75,92.56K,-1.02%
"Jan 17, 2017",490.75,490.25,500.0,486.5,75.31K,0.77%
"Jan 16, 2017",487.0,486.5,490.5,484.5,56.77K,-0.10%
"Jan 13, 2017",487.5,492.5,495.25,486.0,77.23K,1.14%
"Jan 12, 2017",482.0,484.0,488.75,483.75,5.99K,0.00%
"Jan 11, 2017",482.0,470.0,488.0,470.0,33.03K,1.96%
"Jan 10, 2017",472.75,478.5,482.5,468.75,39.71K,-2.12%
"Jan 09, 2017",483.0,495.25,496.0,476.75,33.17K,-2.08%
"Jan 06, 2017",493.25,494.5,500.0,488.5,28.59K,1.02%
"Jan 05, 2017",488.25,492.0,498.25,487.5,50.25K,-0.46%
"Jan 04, 2017",490.5,491.75,494.75,484.25,47.20K,-0.66%
"Jan 03, 2017",493.75,503.75,514.5,487.5,63.97K,-1.45%
